,Condition,Phase,Sex,RatID,NeuronID
1,Ketamine,6.283185307,M,1,1
2,DEX,1.047197551,M,1,2
3,Pro.,1.570796327,M,1,1
4,NREM,4.71238898,F,2,2
5,Ketamine,4.71238898,F,2,1
6,DEX,3.141592654,F,2,2
7,Pro.,1.047197551,M,3,1
8,NREM,2.094395102,M,3,2
9,Ketamine,2.35619449,M,3,1
10,DEX,2.35619449,F,4,2
11,Pro.,3.141592654,F,4,1
12,NREM,4.71238898,F,4,2